"time","lnaeq"
2,-2.78449526057977
3,-2.78944881009462
4,-2.79442701129013
5,-2.79442701129013
6,-2.78944881009462
7,-2.78449526057977
8,-2.78449526057977
