"time","lnaeq"
2,-1.79925329996972
4,-1.79925329694716
